<?xml version="1.0"?>
<!-- edited with XML Spy v3.5 NT (http://www.xmlspy.com) by HOWIE STERNBERG (Connecticut DEP) -->
<!--<!DOCTYPE metadata SYSTEM "http://www.esri.com/metadata/esriprof80.dtd">-->
<metadata xml:lang="en">
	<Esri>
		<CreaDate>20061128</CreaDate>
		<CreaTime>06433600</CreaTime>
		<SyncOnce>FALSE</SyncOnce>
		<SyncDate>20120126</SyncDate>
		<SyncTime>15590800</SyncTime>
		<ModDate>20120126</ModDate>
		<ModTime>15590800</ModTime>
		<MetaID>{7D34167C-9540-4F8F-8741-08F074B82869}</MetaID><DataProperties><lineage><Process ToolSource="C:\Program Files\ArcGIS\ArcToolbox\Toolboxes\Data Management Tools.tbx\CopyFeatures" Date="20061204" Time="123544">CopyFeatures F:\GeoData\Transportation\geodatabase\Transportation.mdb\Railroad "Database Connections\depdbs11@dep.sde\depgis.DEP.Railroad" DEPVECTORSTATIC 10000 0 0</Process><Process Name="DeleteFeatures_8" ToolSource="C:\Program Files\ArcGIS\ArcToolbox\Toolboxes\Data Management Tools.tbx\DeleteFeatures" Date="20080804" Time="151646">DeleteFeatures "Database Connections\10.18.8.94.depgis@DEP_Direct.sde\depgis.DEP.Railroad" "Database Connections\10.18.8.94.depgis@DEP_Direct.sde\depgis.DEP.Railroad"</Process><Process Name="CopyFeatures_64" ToolSource="C:\Program Files\ArcGIS\ArcToolbox\Toolboxes\Data Management Tools.tbx\CopyFeatures" Date="20081215" Time="162110">CopyFeatures "Database Connections\10.18.8.94.depgis@DEP.sde\depgis.DEP.RAILROAD" "Database Connections\062174-svr.depgis@DEP.sde\depgis.DEP.RAILROAD" DEPFEATURESTATIC 0 0 0</Process><Process ToolSource="C:\Program Files\ArcGIS\Desktop10.0\ArcToolbox\Toolboxes\Data Management Tools.tbx\CopyFeatures" Date="20120126" Time="155909">CopyFeatures "Database Connections\10.18.8.60.depgis@DEP_92dc.sde\depgis.DEP.RAILROAD" Y:\GIS_Warehouse\public_data\Shapefile_format\Transportation\Transportation_Archive\RAILROAD.shp # 0 0 0</Process></lineage><itemProps><itemName Sync="TRUE">RAILROAD</itemName><imsContentType Sync="TRUE">002</imsContentType><itemSize Sync="TRUE">0.000</itemSize><itemLocation><linkage Sync="TRUE">file://\\depnb100\GISDATA\GIS_Warehouse\public_data\Shapefile_format\Transportation\Transportation_Archive\RAILROAD.shp</linkage><protocol Sync="TRUE">Local Area Network</protocol></itemLocation></itemProps><coordRef><type Sync="TRUE">Projected</type><geogcsn Sync="TRUE">GCS_North_American_1983</geogcsn><csUnits Sync="TRUE">Linear Unit: Foot_US (0.304801)</csUnits><projcsn Sync="TRUE">NAD_1983_StatePlane_Connecticut_FIPS_0600_Feet</projcsn><peXml Sync="TRUE">&lt;ProjectedCoordinateSystem xsi:type='typens:ProjectedCoordinateSystem' xmlns:xsi='http://www.w3.org/2001/XMLSchema-instance' xmlns:xs='http://www.w3.org/2001/XMLSchema' xmlns:typens='http://www.esri.com/schemas/ArcGIS/10.0'&gt;&lt;WKT&gt;PROJCS[&amp;quot;NAD_1983_StatePlane_Connecticut_FIPS_0600_Feet&amp;quot;,GEOGCS[&amp;quot;GCS_North_American_1983&amp;quot;,DATUM[&amp;quot;D_North_American_1983&amp;quot;,SPHEROID[&amp;quot;GRS_1980&amp;quot;,6378137.0,298.257222101]],PRIMEM[&amp;quot;Greenwich&amp;quot;,0.0],UNIT[&amp;quot;Degree&amp;quot;,0.0174532925199433]],PROJECTION[&amp;quot;Lambert_Conformal_Conic&amp;quot;],PARAMETER[&amp;quot;False_Easting&amp;quot;,999999.999996],PARAMETER[&amp;quot;False_Northing&amp;quot;,499999.999998],PARAMETER[&amp;quot;Central_Meridian&amp;quot;,-72.75],PARAMETER[&amp;quot;Standard_Parallel_1&amp;quot;,41.2],PARAMETER[&amp;quot;Standard_Parallel_2&amp;quot;,41.86666666666667],PARAMETER[&amp;quot;Latitude_Of_Origin&amp;quot;,40.83333333333334],UNIT[&amp;quot;Foot_US&amp;quot;,0.3048006096012192],AUTHORITY[&amp;quot;EPSG&amp;quot;,2234]]&lt;/WKT&gt;&lt;XOrigin&gt;-119756300&lt;/XOrigin&gt;&lt;YOrigin&gt;-96342500&lt;/YOrigin&gt;&lt;XYScale&gt;37294945.500735737&lt;/XYScale&gt;&lt;ZOrigin&gt;-100000&lt;/ZOrigin&gt;&lt;ZScale&gt;10000&lt;/ZScale&gt;&lt;MOrigin&gt;-100000&lt;/MOrigin&gt;&lt;MScale&gt;10000&lt;/MScale&gt;&lt;XYTolerance&gt;0.0032808333333333335&lt;/XYTolerance&gt;&lt;ZTolerance&gt;0.001&lt;/ZTolerance&gt;&lt;MTolerance&gt;0.001&lt;/MTolerance&gt;&lt;HighPrecision&gt;true&lt;/HighPrecision&gt;&lt;WKID&gt;2234&lt;/WKID&gt;&lt;/ProjectedCoordinateSystem&gt;</peXml></coordRef></DataProperties></Esri>
	<idinfo>
		<native>These data are maintained by the State of Connecticut using ArcGIS software developed by Environmental Systems Research Institute (ESRI) in a Microsoft Windows operating system environment.</native>
		<descript>
			<langdata Sync="TRUE">en</langdata>
			<abstract>Connecticut Railroads is a 1:24,000-scale, feature-based layer that includes railroad features on the U.S. Geological Survey (USGS) 7.5 minute topographic quadrangle maps for the State of Connecticut. This layer only includes features located in Connecticut. The layer is based on information from USGS topographic quadrangle maps published between 1969 and 1984 and does not represent the railroad system in Connecticut at any one particular point in time. The layer does not depict current conditions and excludes many railroads that have been built, modified, or removed since the time these topographic quadrangle maps were published. The layer includes railroad tracks, bridges, drawbridges, roundhouses, sidings, tracks, tunnels, underpasses, and stations. It does not include train schedule or track related information. Features are linear and represent railroad track centerlines. Attribute information is comprised of codes to cartographically represent (symbolize) rail features on a map. This layer was originally published in 1994. The 2005 edition includes the same rail features published in 1994, but the attribute information has been slightly modified and made easier to use.</abstract>
			<purpose>Connecticut Railroads is 1:24,000-scale base map data. It depicts the location of all railroads trails published on the USGS topographic quadrangle maps. For base map purposes, use this layer with other 1:24,000-scale base map data such as Hydrography, Roads and Trails, Airports, and Towns. The Railroads layer includes information within Connecticut and is derived from the Railroads Master layer, which includes all railroad features depicted on all of the U.S. Geological Survey (USGS) 7.5 minute topographic quadrangle maps that cover the State of Connecticut. This layer may be used as a possible data source for other 1:24,000-scale layers having features that should coincide with railroad tracks on the USGS topographic quadrangle maps. Not intended for maps printed at map scales greater or more detailed than 1:24,000 scale (1 inch = 2,000 feet.)</purpose>
			<supplinf>In 2004, the State of Connecticut Department of Environmental Protection developed automated procedures to systematically maintain feature topology and attribute integrity for a set of related transportation data produced by the agency during the 1980's and 1980's from the 1:24,000-scale USGS DLGs. These layers include Roads and Trails Master, Roads and Trails, Railroads Master, Railroads, Buffered Roads Master, Buffered Roads, Airports Master, and Airports. Automated procedures were developed using ArcInfo Workstation 8.3 software and the Arc Macro Language (AML) as a scripting environment and recorded in an AML file named MAKECOVER.AML for the transportation category of data for the State of Connecticut, Department of Environmental Protection. For additional information related to the original source of data from the U.S. Geological Survey, refer to the Data User Guides and Standards for 1:24,000-Scale Digital Line Graphs and Quadrangle Maps available from the U.S. Geological Survey, National Mapping Program.</supplinf>
		</descript>
		<citation>
			<citeinfo>
				<pubdate>19940101</pubdate>
				<title>Connecticut Railroads</title>
				<ftname Sync="TRUE">depgis.DEP.RAILROAD</ftname>
				<geoform Sync="TRUE">vector digital data</geoform>
				<onlink>http://www.ct.gov/deep</onlink>
				<pubinfo>
					<pubplace>Hartford, Connecticut, USA</pubplace>
					<publish>State of Connecticut, Department of Environmental Protection</publish>
				</pubinfo>
				<origin>State of Connecticut, Department of Environmental Protection (data editor and publisher)</origin>
				<othercit>The USGS is the collector of the data (compiler). The State of Connecticut, Department of Environmental Protection is the creator and maintainer of the data layer (editor) and producer (publisher) of this information for use. The 2005 Edition essentially includes the same set of geographic features published in 1994. However, the 2005 Edition differs from information published in 1994 primarily as a result of corrections and improvements to feature geometry and feature attribute information. Previously undetected errors have been corrected. Also, some feature attribute information (data fields) have been slightly modified and made easier to use. Except for periodic corrections, this layer includes information that is relatively static and does not change over time. Data compiled at 1:24,000 scale.</othercit>
				<edition>2005</edition>
				<origin>U.S. Geological Survey, National Mapping Program (data compiler)</origin>
			</citeinfo>
		</citation>
		<timeperd>
			<current>Publication dates of the USGS 7.5 minute topographic quadrangle maps for the State of Connecticut through 1984.</current>
			<timeinfo>
				<rngdates>
					<begdate>1969</begdate>
					<enddate>1984</enddate>
				</rngdates>
			</timeinfo>
		</timeperd>
		<status>
			<progress>Complete</progress>
			<update>None planned</update>
		</status>
		<spdom>
			<bounding>
				<westbc Sync="TRUE">-73.672603</westbc>
				<eastbc Sync="TRUE">-71.822294</eastbc>
				<northbc Sync="TRUE">42.049413</northbc>
				<southbc Sync="TRUE">41.005254</southbc>
			</bounding>
			<lboundng>
				<leftbc Sync="TRUE">749397.079000</leftbc>
				<rightbc Sync="TRUE">1251989.041000</rightbc>
				<bottombc Sync="TRUE">563972.177000</bottombc>
				<topbc Sync="TRUE">943113.290000</topbc>
			</lboundng>
		</spdom>
		<keywords>
			<theme>
				<themekt>None</themekt>
				<themekey>digital line graph</themekey>
				<themekey>DLG</themekey>
				<themekey>large scale</themekey>
				<themekey>transportation</themekey>
				<themekey>railroad</themekey>
				<themekey>track</themekey>
				<themekey>siding</themekey>
				<themekey>station</themekey>
				<themekey>base map</themekey>
			</theme>
			<place>
				<placekt>U.S. Department of Commerce, 1987, Codes for the Identification of the States, the District of Columbia and the Outlying Areas of The United States, and Associated Areas (Federal Information Processing Standard 5-2):  Washington, DC, National Institute of Standards and Technology.</placekt>
				<placekey>Connecticut</placekey>
				<placekey>CT</placekey>
			</place>
			<theme>
				<themekt>ISO 19115 Topic Category</themekt>
				<themekey>transportation</themekey>
			</theme>
			<place><placekey>United States of America</placekey><placekt>U.S. Department of Commerce, 1995, Countries, Dependencies, Areas of Special Sovereignty, and Their Principal Administrative Divisions (Federal Information Processing Standard (FIPS) 10-4): Washington, D.C., National Institute of Standards and Technology.</placekt><placekey>USA</placekey></place></keywords>
		<accconst>None. The data is in the public domain and may be redistributed.</accconst>
		<useconst>No restrictions or legal prerequisites for using the data. The data is suitable for use at appropriate scale, and is not intended for maps printed at scales greater or more detailed than 1:24,000 scale (1 inch = 2,000 feet). Although this data set  has been used by the State of Connecticut, Department of Environmental Protection, no warranty, expressed or implied, is made by the State of Connecticut, Department of Environmental Protection as to the accuracy of the data and or related materials. The act of distribution shall not constitute any such warranty, and no responsibility is assumed by the State of Connecticut, Department of Environmental Protection in the use of these data or related materials. The user assumes the entire risk related to the use of these data. Once the data is distributed to the user, modifications made to the data by the user should be noted in the metadata. When printing this data on a map or using it in a software application, analysis, or report, please acknowledge the State of Connecticut, Department of Environmental Protection and the U.S. Geological Survey, National Mapping Program as the source for this information. For example, include the following data source description when printing this layer on a map: Railrods - From the Railroads layer, compiled and published by CT DEP and USGS. Source map scale is 1:24,000.</useconst>
		<natvform Sync="TRUE">SDE Feature Class</natvform>
		<ptcontac>
			<cntinfo>
				<cntaddr>
					<addrtype>mailing and physical address</addrtype>
					<address>79 Elm Street</address>
					<city>Hartford</city>
					<state>Connecticut</state>
					<postal>06106</postal>
					<country>USA</country>
				</cntaddr>
				<cntvoice>860-424-3540</cntvoice>
				<cntfax>860-424-4058</cntfax>
				<cntemail>dep.gisdata@ct.gov</cntemail>
				<hours>Monday to Friday, 08:30 to 16:30 Eastern Standard Time</hours>
				<cntorgp>
					<cntorg>State of Connecticut, Department of Environmental Protection</cntorg>
					<cntper>Howie Sternberg</cntper>
				</cntorgp>
			</cntinfo>
		</ptcontac>
		<browse>
			<browsen>http://www.cteco.uconn.edu/metadata/dep/browsegraphic/railroadfullview.gif</browsen>
			<browsed>Full view of Connecticut Railroads</browsed>
			<browset>GIF</browset>
		</browse>
		<browse><browsen>http://www.cteco.uconn.edu/metadata/dep/browsegraphic/railroaddetailview.gif</browsen><browsed>Detail view of Connecticut Railroads within the vicinty of New Haven, Connecticut. These railroad features are based on information published on USGS 7.5 minute topographic quadrangle maps.</browsed><browset>GIF</browset></browse></idinfo>
	<dataIdInfo>
		<envirDesc Sync="TRUE">Microsoft Windows XP Version 5.1 (Build 2600) Service Pack 3; ESRI ArcGIS 10.0.3.3600</envirDesc>
		<dataLang>
			<languageCode Sync="TRUE" value="en"/>
			<countryCode value="US" Sync="TRUE"></countryCode></dataLang>
		<idCitation>
			<resTitle Sync="TRUE">RAILROAD</resTitle>
			<presForm>
				<PresFormCd Sync="TRUE" value="005"/>
			</presForm>
		</idCitation>
		<spatRpType>
			<SpatRepTypCd Sync="TRUE" value="001"/>
		</spatRpType>
		<dataExt>
			<geoEle>
				<GeoBndBox esriExtentType="native">
					<westBL Sync="TRUE">749397.079</westBL>
					<eastBL Sync="TRUE">1251989.041</eastBL>
					<northBL Sync="TRUE">943113.29</northBL>
					<southBL Sync="TRUE">563972.177</southBL>
					<exTypeCode Sync="TRUE">1</exTypeCode>
				</GeoBndBox>
			</geoEle>
		</dataExt>
		<geoBox esriExtentType="decdegrees">
			<westBL Sync="TRUE">-73.672603</westBL>
			<eastBL Sync="TRUE">-71.822294</eastBL>
			<northBL Sync="TRUE">42.049413</northBL>
			<southBL Sync="TRUE">41.005254</southBL>
			<exTypeCode Sync="TRUE">1</exTypeCode>
		</geoBox>
	</dataIdInfo>
	<metainfo>
		<langmeta Sync="TRUE">en</langmeta>
		<metstdn Sync="TRUE">FGDC Content Standards for Digital Geospatial Metadata</metstdn>
		<metstdv Sync="TRUE">FGDC-STD-001-1998</metstdv>
		<mettc Sync="TRUE">local time</mettc>
		<metc>
			<cntinfo>
				<cntaddr>
					<addrtype>mailing and physical address</addrtype>
					<city>Hartford</city>
					<state>Connecticut</state>
					<postal>06106-5127</postal>
					<address>79 Elm Street</address>
					<country>USA</country>
				</cntaddr>
				<cntvoice>860-424-3540</cntvoice>
				<cntfax>860-424-4058</cntfax>
				<cntemail>dep.gisdata@ct.gov</cntemail>
				<hours>Monday to Friday, 08:30 to 16:30 Eastern Standard Time</hours>
				<cntorgp>
					<cntorg>State of Connecticut, Department of Environmental Protection</cntorg>
					<cntper>Howie Sternberg</cntper>
				</cntorgp>
			</cntinfo>
		</metc>
		<metd Sync="TRUE">20111208</metd>
	</metainfo>
	<mdLang>
		<languageCode Sync="TRUE" value="en"/>
		<countryCode value="US" Sync="TRUE"></countryCode></mdLang>
	<mdStanName Sync="TRUE">ISO 19115 Geographic Information - Metadata</mdStanName>
	<mdStanVer Sync="TRUE">DIS_ESRI1.0</mdStanVer>
	<mdChar>
		<CharSetCd Sync="TRUE" value="004"/>
	</mdChar>
	<mdHrLv>
		<ScopeCd Sync="TRUE" value="005"/>
	</mdHrLv>
	<mdHrLvName Sync="TRUE">dataset</mdHrLvName>
	<distinfo>
		<resdesc>Connecticut Railroads</resdesc>
		<stdorder>
			<fees>An online copy of the data may be accessed without charge.</fees>
			<digform>
				<digtinfo>
					<formname>Shapefile, Feature Class, ArcInfo Coverage</formname>
					<formvern>ArcGIS</formvern>
					<filedec>Zip file</filedec>
				</digtinfo>
				<digtopt>
					<onlinopt>
						<computer>
							<networka>
								<networkr>http://www.ct.gov/deep</networkr>
							</networka>
						</computer>
					</onlinopt>
				</digtopt>
			</digform>
		</stdorder>
		<distrib>
			<cntinfo>
				<cntaddr>
					<addrtype>mailing and physical address</addrtype>
					<address>79 Elm Street</address>
					<city>Hartford</city>
					<state>Connecticut</state>
					<postal>06106-5127</postal>
					<country>USA</country>
				</cntaddr>
				<cntvoice>860-424-3540</cntvoice>
				<cntfax>860-424-4058</cntfax>
				<cntemail>dep.gisdata@ct.gov</cntemail>
				<cntorgp>
					<cntorg>State of Connecticut, Department of Enviromental Protection</cntorg>
				</cntorgp>
				<hours>Monday to Friday, 08:30 to 16:30 Eastern Standard Time</hours>
			</cntinfo>
		</distrib>
		<custom>The data distributor does not provide custom GIS analysis or mapping services. Data is available in a standard format and may be converted to other formats, projections, coordinate systems, or selected for specific geographic regions by the party receiving the data.</custom>
		<techpreq>Geographic information sytem (GIS), computer-aided drawing or other mapping software is necessary to display, view and access the information.</techpreq>
		<distliab>Although this data set  has been used by the State of Connecticut, Department of Environmental Protection, no warranty, expressed or implied, is made by the State of Connecticut, Department of Environmental Protection as to the accuracy of the data and or related materials.  The act of distribution shall not constitute any such warranty, and no responsibility is assumed by the State of Connecticut, Department of Environmental Protection in the use of these data or related materials. The user assumes the entire risk related to the use of these data. Once the data is distributed to the user, modifications made to the data by the user should be noted in the metadata.</distliab>
	</distinfo>
	<distInfo>
		<distributor>
			<distorTran>
				<onLineSrc>
					<orDesc Sync="TRUE">002</orDesc>
					<linkage Sync="TRUE">Server=10.18.8.60; Service=sde92:sqlserver:10.18.8.60; Database=depgis; User=dep; Version=sde.DEFAULT</linkage>
					<protocol Sync="TRUE">ArcSDE Connection</protocol>
				</onLineSrc>
				<transSize Sync="TRUE">0.671</transSize>
			</distorTran>
			<distorFormat>
				<formatName Sync="TRUE">SDE Feature Class</formatName>
			</distorFormat>
		</distributor>
		<distFormat><formatName Sync="TRUE">Shapefile</formatName></distFormat><distTranOps><transSize Sync="TRUE">0.000</transSize></distTranOps></distInfo>
	<spdoinfo>
		<direct Sync="TRUE">Vector</direct>
		<indspref>State of Connecticut, United States of America</indspref>
		<ptvctinf><esriterm><efeatyp Sync="TRUE">Simple</efeatyp><efeageom code="3" Sync="TRUE"></efeageom><esritopo Sync="TRUE">FALSE</esritopo><efeacnt Sync="TRUE">0</efeacnt><spindex Sync="TRUE">FALSE</spindex><linrefer Sync="TRUE">FALSE</linrefer></esriterm></ptvctinf></spdoinfo>
	<spref>
		<horizsys>
			<cordsysn>
				<geogcsn Sync="TRUE">GCS_North_American_1983</geogcsn>
				<projcsn Sync="TRUE">NAD_1983_StatePlane_Connecticut_FIPS_0600_Feet</projcsn>
			</cordsysn>
			<planar>
				<planci>
					<plance Sync="TRUE">coordinate pair</plance>
					<plandu Sync="TRUE">survey feet</plandu>
					<coordrep>
						<absres Sync="TRUE">0.000250</absres>
						<ordres Sync="TRUE">0.000250</ordres>
					</coordrep>
				</planci>
			</planar>
			<geodetic>
				<horizdn Sync="TRUE">North American Datum of 1983</horizdn>
				<ellips Sync="TRUE">Geodetic Reference System 80</ellips>
				<semiaxis Sync="TRUE">6378137.000000</semiaxis>
				<denflat Sync="TRUE">298.257222</denflat>
			</geodetic>
		</horizsys>
		<vertdef><altsys><altenc Sync="TRUE">Explicit elevation coordinate included with horizontal coordinates</altenc><altres Sync="TRUE">1.000000</altres></altsys></vertdef></spref>
	<refSysInfo>
		<RefSystem>
			<refSysID>
				<identCode Sync="TRUE" value="2234">NAD_1983_StatePlane_Connecticut_FIPS_0600_Feet</identCode>
				<idCodeSpace Sync="TRUE">EPSG</idCodeSpace><idVersion Sync="TRUE">7.4.1</idVersion></refSysID>
		</RefSystem>
	</refSysInfo>
	<spatRepInfo>
		<VectSpatRep><geometObjs Name="RAILROAD"><geoObjTyp><GeoObjTypCd value="002" Sync="TRUE"></GeoObjTypCd></geoObjTyp><geoObjCnt Sync="TRUE">0</geoObjCnt></geometObjs><topLvl><TopoLevCd value="001" Sync="TRUE"></TopoLevCd></topLvl></VectSpatRep></spatRepInfo>
	<eainfo>
		<detailed Name="RAILROAD">
			<enttyp>
				<enttypl>Connecticut Railroads</enttypl>
				<enttypt Sync="TRUE">Feature Class</enttypt>
				<enttypc Sync="TRUE">0</enttypc>
				<enttypd>Railroads, Rail Sidings and Railroad Stations as line features</enttypd>
				<enttypds>State of Connecticut, Department of Environmental Protection and U.S. Geological Survey, National Mapping Program</enttypds>
			</enttyp>
			<attr><attrlabl Sync="TRUE">FID</attrlabl><attalias Sync="TRUE">FID</attalias><attrtype Sync="TRUE">OID</attrtype><attwidth Sync="TRUE">4</attwidth><atprecis Sync="TRUE">0</atprecis><attscale Sync="TRUE">0</attscale><attrdef Sync="TRUE">Internal feature number.</attrdef><attrdefs Sync="TRUE">ESRI</attrdefs><attrdomv><udom Sync="TRUE">Sequential unique whole numbers that are automatically generated.</udom></attrdomv></attr><attr><attrlabl Sync="TRUE">SHAPE</attrlabl><attalias Sync="TRUE">Shape</attalias><attrtype Sync="TRUE">Geometry</attrtype><attwidth Sync="TRUE">0</attwidth><atprecis Sync="TRUE">0</atprecis><attscale Sync="TRUE">0</attscale><attrdef Sync="TRUE">Feature geometry.</attrdef><attrdefs Sync="TRUE">ESRI</attrdefs><attrdomv><udom Sync="TRUE">Coordinates defining the features.</udom></attrdomv></attr><attr>
				<attrlabl Sync="TRUE">RRARC_COD</attrlabl>
				<attwidth Sync="TRUE">17</attwidth>
				<atoutwid Sync="TRUE">10</atoutwid>
				<attrtype Sync="TRUE">Double</attrtype>
				<attrdefs>State of Connecticut, Department of Environmental Protection</attrdefs>
				<attrdef>Railroad Arc Code. Numeric values that identify railroad feature types.</attrdef>
				<attrdomv>
					<edom>
						<edomv>0</edomv>
						<edomvd>Not Railroad</edomvd>
						<edomvds>CT DEP, USGS</edomvds>
					</edom>
					<edom>
						<edomv>201</edomv>
						<edomvd>Railroad</edomvd>
						<edomvds>CT DEP, USGS</edomvds>
					</edom>
					<edom>
						<edomv>202</edomv>
						<edomvd>Railroad in Street or Road</edomvd>
						<edomvds>CT DEP, USGS</edomvds>
					</edom>
					<edom>
						<edomv>204</edomv>
						<edomvd>Carline</edomvd>
						<edomvds>CT DEP, USGS</edomvds>
					</edom>
					<edom>
						<edomv>208</edomv>
						<edomvd>Railroad Siding</edomvd>
						<edomvds>CT DEP, USGS</edomvds>
					</edom>
					<edom>
						<edomv>209</edomv>
						<edomvd>Perimeter or Limit of yard</edomvd>
						<edomvds>CT DEP, USGS</edomvds>
					</edom>
					<edom>
						<edomv>400</edomv>
						<edomvd>Perimeter of Railroad Station</edomvd>
						<edomvds>CT DEP, USGS</edomvds>
					</edom>
					<edom>
						<edomv>402</edomv>
						<edomvd>Roundhouse</edomvd>
						<edomvds>CT DEP, USGS</edomvds>
					</edom>
					<edom>
						<edomv>2201</edomv>
						<edomvd>Two Track Railroad</edomvd>
						<edomvds>CT DEP, USGS</edomvds>
					</edom>
					<edom>
						<edomv>4201</edomv>
						<edomvd>Four Track Railroad</edomvd>
						<edomvds>CT DEP, USGS</edomvds>
					</edom>
					<edom>
						<edomv>209201</edomv>
						<edomvd>Railroad, Perimeter or Limit of Yard</edomvd>
						<edomvds>CT DEP, USGS</edomvds>
					</edom>
					<edom>
						<edomv>209208</edomv>
						<edomvd>Railroad Siding, Perimeter or Limit of Yard</edomvd>
						<edomvds>CT DEP, USGS</edomvds>
					</edom>
					<edom>
						<edomv>601201</edomv>
						<edomvd>Railroad, in Tunnel</edomvd>
						<edomvds>CT DEP, USGS</edomvds>
					</edom>
					<edom>
						<edomv>601208</edomv>
						<edomvd>Railroad Siding, in Tunnel</edomvd>
						<edomvds>CT DEP, USGS</edomvds>
					</edom>
					<edom>
						<edomv>602201</edomv>
						<edomvd>Railroad, Overpassing on Bridge</edomvd>
						<edomvds>CT DEP, USGS</edomvds>
					</edom>
					<edom>
						<edomv>602208</edomv>
						<edomvd>Railroad Siding, Overpassing on Bridge</edomvd>
						<edomvds>CT DEP, USGS</edomvds>
					</edom>
					<edom>
						<edomv>603201</edomv>
						<edomvd>Railroad, Abandoned</edomvd>
						<edomvds>CT DEP, USGS</edomvds>
					</edom>
					<edom>
						<edomv>603208</edomv>
						<edomvd>Railroad Siding, Abandoned</edomvd>
						<edomvds>CT DEP, USGS</edomvds>
					</edom>
					<edom>
						<edomv>605201</edomv>
						<edomvd>Railroad, Underpassing</edomvd>
						<edomvds>CT DEP, USGS</edomvds>
					</edom>
					<edom>
						<edomv>605202</edomv>
						<edomvd>Railroad in Street or Road, Underpassing</edomvd>
						<edomvds>CT DEP, USGS</edomvds>
					</edom>
					<edom>
						<edomv>605208</edomv>
						<edomvd>Railroad Siding, Underpassing</edomvd>
						<edomvds>CT DEP, USGS</edomvds>
					</edom>
					<edom>
						<edomv>605210</edomv>
						<edomvd>Arbitrary Line Extension, Underpassing</edomvd>
						<edomvds>CT DEP, USGS</edomvds>
					</edom>
					<edom>
						<edomv>606208</edomv>
						<edomvd>Railroad Siding, Narrow Gauge</edomvd>
						<edomvds>CT DEP, USGS</edomvds>
					</edom>
					<edom>
						<edomv>607201</edomv>
						<edomvd>Railroad, in Snowshed or under Structure</edomvd>
						<edomvds>CT DEP, USGS</edomvds>
					</edom>
					<edom>
						<edomv>607208</edomv>
						<edomvd>Railroad Siding, in Snowshed or under Structure</edomvd>
						<edomvds>CT DEP, USGS</edomvds>
					</edom>
					<edom>
						<edomv>611201</edomv>
						<edomvd>Railroad, on Drawbridge</edomvd>
						<edomvds>CT DEP, USGS</edomvds>
					</edom>
					<edom>
						<edomv>611202</edomv>
						<edomvd>Railroad in Street or Road, on Drawbridge</edomvd>
						<edomvds>CT DEP, USGS</edomvds>
					</edom>
					<edom>
						<edomv>4209201</edomv>
						<edomvd>Four Track Railroad, Perimeter or Limit of Yard</edomvd>
						<edomvds>CT DEP, USGS</edomvds>
					</edom>
					<edom>
						<edomv>4602201</edomv>
						<edomvd>Four Track Railroad, Overpassing on Bridge</edomvd>
						<edomvds>CT DEP, USGS</edomvds>
					</edom>
					<edom>
						<edomv>4605201</edomv>
						<edomvd>Four Track Railroad, Underpassing</edomvd>
						<edomvds>CT DEP, USGS</edomvds>
					</edom>
					<edom>
						<edomv>4611201</edomv>
						<edomvd>Four Track Railroad, on Drawbridge</edomvd>
						<edomvds>CT DEP, USGS</edomvds>
					</edom>
					<edom>
						<edomv>605603201</edomv>
						<edomvd>Railroad, Abandoned, Underpassing</edomvd>
						<edomvds>CT DEP, USGS</edomvds>
					</edom>
					<edom>
						<edomv>605603208</edomv>
						<edomvd>Railroad Siding, Abandoned, Underpassing</edomvd>
						<edomvds>CT DEP, USGS</edomvds>
					</edom>
				</attrdomv>
				<attalias Sync="TRUE">RRARC_COD</attalias>
				<atprecis Sync="TRUE">16</atprecis><attscale Sync="TRUE">5</attscale></attr>
			<attr>
				<attrlabl Sync="TRUE">RAIL_CLASS</attrlabl>
				<attwidth Sync="TRUE">50</attwidth>
				<atoutwid Sync="TRUE">50</atoutwid>
				<attrtype Sync="TRUE">String</attrtype>
				<attrdefs>State of Connecticut, Department of Environmental Protection</attrdefs>
				<attrdef>Railroad Class. Text values that correspond to the numeric RRARC_COD attribute values. RAIL_CLASS is the English language equivalent of (decodes) the RRARC_COD field.</attrdef>
				<attrdomv>
					<udom>See Enumerated Domain Value Definitions for RRARC_COD attribute.</udom>
				</attrdomv>
				<attalias Sync="TRUE">RAIL_CLASS</attalias>
				<atprecis Sync="TRUE">0</atprecis><attscale Sync="TRUE">0</attscale></attr>
			<attr>
				<attrlabl Sync="TRUE">AV_LEGEND</attrlabl>
				<attwidth Sync="TRUE">20</attwidth>
				<atoutwid Sync="TRUE">20</atoutwid>
				<attrtype Sync="TRUE">String</attrtype>
				<attrdefs>State of Connecticut, Department of Environmental Protection</attrdefs>
				<attrdef>ArcView Legend. Text field for symbolizing railroad feature types on a map.</attrdef>
				<attrdomv>
					<edom>
						<edomv>Abandoned</edomv>
						<edomvd>This category includes RRARC_COD values 603201, 603208, 605603201, 605603208.</edomvd>
						<edomvds>CT DEP</edomvds>
					</edom>
					<edom>
						<edomv>Bridge</edomv>
						<edomvd>This category includes RRARC_COD values 602201 and 602208.</edomvd>
						<edomvds>CT DEP</edomvds>
					</edom>
					<edom>
						<edomv>Drawbridge</edomv>
						<edomvd>This category includes RRARC_COD values 611201, 611202 and 4611201.</edomvd>
						<edomvds>CT DEP</edomvds>
					</edom>
					<edom>
						<edomv>Narrow Gauge</edomv>
						<edomvd>This category includes RRARC_COD value 606208.</edomvd>
						<edomvds>CT DEP</edomvds>
					</edom>
					<edom>
						<edomv>Roundhouse</edomv>
						<edomvd>This category includes RRARC_COD value 402.</edomvd>
						<edomvds>CT DEP</edomvds>
					</edom>
					<edom>
						<edomv>Siding</edomv>
						<edomvd>This category includes RRARC_COD values 208, 209208, and 607208.</edomvd>
						<edomvds>CT DEP</edomvds>
					</edom>
					<edom>
						<edomv>Track</edomv>
						<edomvd>This category includes RRARC_COD values 201, 202, 204, 2201, 4201, 209201, 607201, 4209201, and 4602201.</edomvd>
						<edomvds>CT DEP</edomvds>
					</edom>
					<edom>
						<edomv>Tunnel</edomv>
						<edomvd>This category includes RRARC_COD values 601201 and 601208.</edomvd>
						<edomvds>CT DEP</edomvds>
					</edom>
					<edom>
						<edomv>Underpass</edomv>
						<edomvd>This category includes RRARC_COD values 605201, 605202, 605208, 605210, and 4605201.</edomvd>
						<edomvds>CT DEP</edomvds>
					</edom>
					<edom>
						<edomv>Station</edomv>
						<edomvd>This category includes RRARC_COD values 209 and 400.</edomvd>
						<edomvds>CT DEP</edomvds>
					</edom>
				</attrdomv>
				<attalias Sync="TRUE">AV_LEGEND</attalias>
				<atprecis Sync="TRUE">0</atprecis><attscale Sync="TRUE">0</attscale></attr>
			<attr>
				<attrlabl Sync="TRUE">IMS_LEGEND</attrlabl>
				<attwidth Sync="TRUE">20</attwidth>
				<atoutwid Sync="TRUE">20</atoutwid>
				<attrtype Sync="TRUE">String</attrtype>
				<attrdefs>State of Connecticut, Department of Environmental Protection</attrdefs>
				<attrdef>Internet Mapping Software Legend. Text field for symbolizing railroad feature types on an Internet map.</attrdef>
				<attrdomv>
					<edom>
						<edomv>Abandoned</edomv>
						<edomvd>This category includes RRARC_COD values 603201, 603208, 605603201, and 605603208.</edomvd>
						<edomvds>CT DEP</edomvds>
					</edom>
					<edom>
						<edomv>Siding</edomv>
						<edomvd>This category includes RRARC_COD values 208, 209208, and 607208.</edomvd>
						<edomvds>CT DEP</edomvds>
					</edom>
					<edom>
						<edomv>Station</edomv>
						<edomvd>This category includes RRARC_COD values 209, 400 and 402.</edomvd>
						<edomvds>CT DEP</edomvds>
					</edom>
					<edom>
						<edomv>Track</edomv>
						<edomvd>This category includes RRARC_COD values 201, 202, 204, 2201, 4201, 601201, 601208, 605201, 605202, 605208, 605210, 606208, 607201, 611201, 611202, 4209201, 4602201, 4605201, and 4611201.</edomvd>
						<edomvds>CT DEP</edomvds>
					</edom>
				</attrdomv>
				<attalias Sync="TRUE">IMS_LEGEND</attalias>
				<atprecis Sync="TRUE">0</atprecis><attscale Sync="TRUE">0</attscale></attr>
			<attr><attrlabl Sync="TRUE">SHAPE_len</attrlabl><attalias Sync="TRUE">SHAPE_len</attalias><attrtype Sync="TRUE">Double</attrtype><attwidth Sync="TRUE">19</attwidth><atprecis Sync="TRUE">0</atprecis><attscale Sync="TRUE">0</attscale></attr></detailed>
		<overview>
			<eaover>Includes linear railroad features such as includes railroad tracks, bridges, drawbridges, roundhouses, sidings, tracks, tunnels, underpasses, and stations published on the U.S. Geological Survey 7.5 minute topographic quadrangle maps. Information encoded about features includes railroad feature type classification, and two standard symbology classification schemes.</eaover>
			<eadetcit>For additional information related to the original source of data from the U.S. Geological Survey, refer to the Data User Guides and Standards for 1:24,000-Scale Digital Line Graphs and Quadrangle Maps available from the U.S. Geological Survey, National Mapping Program.</eadetcit>
		</overview>
	</eainfo>
	<mdDateSt Sync="TRUE">20120126</mdDateSt>
	<dataqual>
		<posacc>
			<horizpa>
				<horizpar>This data complies with United States National Map Accuracy Standards for 1:24,000 scale maps. According to this standard, not more than 10 percent of the points tested are to be in error by more than 1/50 inch (40 feet) measured on the publication scale of a USGS 7.5 minute topographic quadrangle map.</horizpar>
			</horizpa>
		</posacc>
		<lineage>
			<srcinfo>
				<srcscale>24000</srcscale>
				<typesrc>digital tape media</typesrc>
				<srccitea>Source 1 - DLG</srccitea>
				<srccontr>USGS Large Scale Digital Line Graph (DLG) data are digital representations of the cartographic (base map) information published on the 1:24,000-scale, 7.5 minute topographic quadrangle maps. The USGS produces DLG data per 7.5 minute quadrangle. DLG data is organized into categories such as hydrography, boundaries, and transportation. At the time the State of Connecticut began developing the Railroads layer in the late 1980's, Large Scale DLG files were available for 112 of the 115 topographic quadrangle maps necessary to cover Connecticut. Large Scale DLG files were not available for the West Springfield Mass-Conn, Springfield South Mass-Conn, and Hamden Mass-Conn quadrangle. It is important to note that the Large-Scale DLGs were produced in the 1980's at a time when the USGS was developing standards, conventions, and procedures to convert topographic quadrangle maps into digital spatial data. The Connecticut DLG files were produced by digitizing from stable-base mylars using a digitizing tablet to capture the digital data. The features were manually digitized and attributed. Today, there are other methods available for producing DLGs. For additional DLG documentation, refer to the Data User Guides and Standards for 1:24,000-Scale Digital Line Graphs and Quadrangle Maps available from the U.S. Geological Survey, National Mapping Program.</srccontr>
				<srctime>
					<timeinfo>
						<rngdates>
							<begdate>1969</begdate>
							<enddate>1984</enddate>
						</rngdates>
					</timeinfo>
					<srccurr>Publication dates of the USGS 7.5 minute topographic quadrangle maps for the State of Connecticut through 1984.</srccurr>
				</srctime>
				<srccite>
					<citeinfo>
						<origin>U.S. Geological Survey, National Mapping Program (data compiler and publisher)</origin>
						<title>USGS Large Scale Digital Line Graph (DLG)</title>
						<pubinfo>
							<publish>U.S Geological Survey</publish>
							<pubplace>Reston, Virginia, USA</pubplace>
						</pubinfo>
						<geoform>file</geoform>
						<pubdate>1969-1984</pubdate>
					</citeinfo>
				</srccite>
			</srcinfo>
			<srcinfo>
				<srcscale>24000</srcscale>
				<typesrc>digital tape media</typesrc>
				<srccitea>Source 2 - Quadrangle image data</srccitea>
				<srccontr>In the absence of Large Scale DLG data, the USGS provided the State of Connecticut with raster image scans of the mylar separates used to publish the black, red, brown, and blue inks for 3 of the 115 topographic quadrangle maps that cover Connecticut. These quadrangles include West Springfield Mass-Conn, Springfield South Mass-Conn, and Hamden Mass-Conn.</srccontr>
				<srctime>
					<timeinfo>
						<sngdate>
							<caldate>1979</caldate>
						</sngdate>
					</timeinfo>
					<srccurr>publication date</srccurr>
				</srctime>
				<srccite>
					<citeinfo>
						<origin>U.S. Geological Survey, National Mapping Program (data compiler)</origin>
						<pubdate>Unpublished Material</pubdate>
						<title>Scanned USGS Topographic Quadrangle Map Mylars</title>
						<geoform>vector digital data</geoform>
						<pubinfo>
							<pubplace>Reston, Virginia, USA</pubplace>
							<publish>U.S. Geological Survey</publish>
						</pubinfo>
					</citeinfo>
				</srccite>
			</srcinfo>
			<procstep>
				<srcused>Source 1 - DLG</srcused>
				<procdesc>DLG to ArcInfo coverage format conversion - Using ESRI ArcInfo software, the State of Connecticut, Department of Enviromental Protection converted the Railroad overlay from the Transporation category for each Large Scale DLG file to ArcInfo Coverage format, resulting in one ArcInfo Coverage of linear features for each quadrangle area. The Transportation category of data includes major transportation systems collected in three separate overlays labeled: (1) Roads and Trails, (2) Railroads, and (3) Pipelines, Transmission Lines, and Miscellaneous Transportation Features. Only the Railroad overlay was extracted from the Transportation Layer as a data source for this layer. Each Coverage was converted from UTM to Connecticut State Plane, North American Datum of 1927 (NAD27).</procdesc>
				<procsv>ArcInfo 5</procsv>
				<proccont>
					<cntinfo>
						<cntorgp>
							<cntorg>State of Connecticut, Department of Environmental Protection</cntorg>
							<cntper>Deborah Dumin, Jonathan Scull</cntper>
						</cntorgp>
						<cntaddr>
							<addrtype>mailing and physical address</addrtype>
							<address>79 Elm Street</address>
							<city>Hartford</city>
							<state>Connecticut</state>
							<postal>06106</postal>
							<country>USA</country>
						</cntaddr>
						<cntvoice>860-424-3540</cntvoice>
					</cntinfo>
				</proccont>
				<srcprod>Source 3 - Quadrangle data</srcprod>
				<procdate>1985-1987</procdate>
			</procstep>
			<procstep>
				<procdesc>Image to vector (ArcInfo coverage) format conversion - Using ESRI ArcInfo software, the black ink image files that depict the railroad (and road and trail features) on three topographic quadrangle maps were georeferenced to Connecticut State Plane, North American Datum of 1927 (NAD27) by registering the image corners to the corresponding quadrangle corner tics.  In an interactive ArcInfo editing environment, the railroad track features were visually identified on the background image and manually vectorized. Railroad features that would have been included in the DLG Transportation category by the USGS were were manually digitized on the screen (heads-up digitizing). Features were assigned RRARC_COD values based on their cartographic representation on the topographic quadrangle maps. Check plots were made to inspect digitizing quality and the assignment of RRARC_COD values.</procdesc>
				<proccont>
					<cntinfo>
						<cntorgp>
							<cntorg>State of Connecticut, Department of Environmental Protection</cntorg>
							<cntper>Howie Sternberg</cntper>
						</cntorgp>
						<cntaddr>
							<addrtype>mailing and physical address</addrtype>
							<address>79 Elm Street</address>
							<city>Hartford</city>
							<state>Connecticut</state>
							<postal>06106</postal>
							<country>USA</country>
						</cntaddr>
						<cntvoice>860-424-3540</cntvoice>
					</cntinfo>
				</proccont>
				<srcused>Source 2 - Quadrangle image data</srcused>
				<srcprod>Source 3 - Quadrangle data</srcprod>
				<procdate>1988</procdate>
				<procsv>ArcInfo 5</procsv>
			</procstep>
			<procstep>
				<procdesc>Attribute value verification - The quality and accuracy of the digitizing and coding of the railroad features was checked by comparing the transporation features in each ArcInfo Coverage with the railroad features on the published USGS topographic quadrangle maps. Visual comparisons using 1:24,000 scale paper check plots combined with automated procedures to identify inconsistent attribute coding were the primary means of evaluating and correcting obvious errors with the original DLG data. Where necessary, corrections were made to DLG major and minor codes in the ArcInfo Coverages. The original DLG major and minor codes were modified to form the RRARC_COD attribute in the final Railroads layer.</procdesc>
				<srcused>Source 3 - Quadrangle data</srcused>
				<srcprod>Source 3 - Quadrangle data</srcprod>
				<procsv>ArcInfo 5, 6</procsv>
				<procdate>1985-1988</procdate>
				<proccont>
					<cntinfo>
						<cntorgp>
							<cntorg>State of Connecticut, Department of Environmental Protection</cntorg>
							<cntper>Howie Sternberg</cntper>
						</cntorgp>
						<cntaddr>
							<addrtype>mailing and physical address</addrtype>
							<address>79 Elm Street</address>
							<city>Hartford</city>
							<state>Connecticut</state>
							<postal>06106</postal>
							<country>USA</country>
						</cntaddr>
						<cntvoice>860-424-3540</cntvoice>
					</cntinfo>
				</proccont>
			</procstep>
			<procstep>
				<procdesc>Quadrangle coverage edgematch - Using ESRI ArcInfo software, the individual 7.5 minute quadrangle coverages of Railroad features were systematically edgematched. Features along the edges of adjacent quadrangle were moved to make their end-point coordinates identical through a process of checkerboard style edgematching. Features on every other quadrangle were adjusted. The ends of Railroad segments were snapped to align with the connecting stationary features on adjacent quadrangles if their end-points were generally within 20 feet. On occasion, there were no connecting features on adjacent quadrangles to match to so some features abruptly end at quadrangle boundaries. This is mostly due to variations in quadrangle publication dates.  Varying publication dates also explain inconsistent DLG major and minor codes for certain railroads that appear on more than one topographic map. For example, a track that appears on two adjacent quadrangle maps may appear as a track on one map and abandoned track on the adjacent (more recent) map. Consequently, RRARC_COD values for some railroad tracks change when crossing quadrangle boundaries. These inconsistencies were not resolved because the intent was to represent the classification of these features on USGS topographic quadrangle maps.</procdesc>
				<procsv>ArcInfo 5</procsv>
				<proccont>
					<cntinfo>
						<cntorgp>
							<cntorg>State of Connecticut, Department of Environmental Protection</cntorg>
							<cntper>Howie Sternberg</cntper>
						</cntorgp>
						<cntaddr>
							<addrtype>mailing and physical address</addrtype>
							<address>79 Elm Street</address>
							<city>Hartford</city>
							<state>Connecticut</state>
							<postal>06106</postal>
							<country>USA</country>
						</cntaddr>
						<cntvoice>860-424-3540</cntvoice>
					</cntinfo>
				</proccont>
				<srcused>Source 3 - Quadrangle data</srcused>
				<srcprod>Source 3 - Quadrangle data</srcprod>
				<procdate>1989-1990</procdate>
			</procstep>
			<procstep>
				<procdesc>Statewide layer creation - Using ESRI ArcInfo sofware, all of individual 7.5 minute quadrangle coverages were appended to form a single, statewide Railroads layer.  Linear features were unsplit (merged) to eliminate unnecessary pseudo nodes between similar features from adjacent quadrangle areas. Final line feature topology was established with ArcInfo Fuzzy and Dangle tolerances verified at 4 and 10 feet, respectively. At this step in the process the Railroads layer was fully attributed and ready for use. Not all data fields from the orginal DLG files were preserved by this step in the process. A new data field, AV_LEGEND, was added to more easily classify and cartographically represent features when displaying the information with software such as ArcView.</procdesc>
				<procsv>ArcInfo 6</procsv>
				<proccont>
					<cntinfo>
						<cntorgp>
							<cntorg>State of Connecticut, Department of Environmental Protection</cntorg>
							<cntper>Howie Sternberg</cntper>
						</cntorgp>
						<cntaddr>
							<addrtype>mailing and physical address</addrtype>
							<address>79 Elm Street</address>
							<city>Hartford</city>
							<state>Connecticut</state>
							<postal>06106</postal>
							<country>USA</country>
						</cntaddr>
						<cntvoice>860-424-3540</cntvoice>
					</cntinfo>
				</proccont>
				<srcused>Source 3 - Quadrangle data</srcused>
				<srcprod>Source 4 - Railroad</srcprod>
				<procdate>1994</procdate>
			</procstep>
			<procstep>
				<procdesc>Datum conversion - Using ESRI ArcInfo software, the Railroads layer was converted from the Connecticut State Plane Coordinate System of 1927 (NAD27) to the Connecticut State Plane Coordinate System of 1983 (NAD83). The NADCON (North American Datum CONversion) data transformation was used.</procdesc>
				<procsv>ArcInfo 7</procsv>
				<proccont>
					<cntinfo>
						<cntorgp>
							<cntorg>State of Connecticut, Department of Environmental Protection</cntorg>
							<cntper>Howie Sternberg</cntper>
						</cntorgp>
						<cntaddr>
							<addrtype>mailing and physical address</addrtype>
							<address>79 Elm Street</address>
							<city>Hartford</city>
							<state>Connecticut</state>
							<postal>06106</postal>
							<country>USA</country>
						</cntaddr>
						<cntvoice>860-424-3540</cntvoice>
					</cntinfo>
				</proccont>
				<srcused>Source 4 - Railroad</srcused>
				<srcprod>Source 4 - Railroad</srcprod>
				<procdate>1999</procdate>
			</procstep>
			<procstep>
				<procdesc>Attribute enhancements - RAIL_CLASS and AV_LEGEND attributes were changed from storing abbreviated values in upper case (e.g. TRACK, SIDING, STATION ) to full length values in both upper and lower case (e.g. Track, Siding, Station). Additionally the IMS_LEGEND attribute was added to establish a very general classification scheme for symbolizing railroad features with Internet mapping software environments such as ArcIMS. The following attributes from the original DLG files were removed from the data table due to poor data quality: PHOTRV_FLG and QUAD_NO. These attribute values were inconsistent, not verified and of limited value to the State of Connecticut. Using Arc Macro Language (AML), an automated process (MAKECOVER.AML) was developed to maintain consistent attribute values by programmatically joining lookup data tables to decode numeric code fields.  The MAKECOVER.AML also created this particular copy of the Railroads layer that is clipped to the State of Connecticut boundary.</procdesc>
				<procsv>ArcInfo 7, 8</procsv>
				<proccont>
					<cntinfo>
						<cntorgp>
							<cntorg>State of Connecticut, Department of Environmental Protection</cntorg>
							<cntper>Elizabeth Doran, Howie Sternberg</cntper>
						</cntorgp>
						<cntaddr>
							<addrtype>mailing and physical address</addrtype>
							<address>79 Elm Street</address>
							<city>Hartford</city>
							<state>Connecticut</state>
							<postal>06106</postal>
							<country>USA</country>
						</cntaddr>
						<cntvoice>860-424-3540</cntvoice>
					</cntinfo>
				</proccont>
				<srcused>Source 4 - Railroad</srcused>
				<srcprod>Source 4 - Railroad</srcprod>
				<procdate>2001-2004</procdate>
			</procstep>
			<srcinfo>
				<srccitea>Source 3 - Quadrangle data</srccitea>
				<srcscale>24000</srcscale>
				<typesrc>disc</typesrc>
				<srccite>
					<citeinfo>
						<origin>State of Connecticut, Department of Environmental Protection (data editor)</origin>
						<title>Railroad 7.5 minute quadrangle Coverages</title>
						<pubdate>Unpublished Material</pubdate>
						<origin>U.S. Geological Survey, National Mapping Program (data compiler)</origin>
						<geoform>vector digital data</geoform>
						<pubinfo>
							<pubplace>Hartford, Connecticut, USA</pubplace>
							<publish>State of Connecticut, Department of Environmental Protection</publish>
						</pubinfo>
					</citeinfo>
				</srccite>
				<srccontr>Railroad features for each quadrangle map.</srccontr>
				<srctime>
					<timeinfo>
						<rngdates>
							<begdate>1969</begdate>
							<enddate>1984</enddate>
						</rngdates>
					</timeinfo>
					<srccurr>Publication dates of the USGS 7.5 minute topographic quadrangle maps for the State of Connecticut through 1984.</srccurr>
				</srctime>
			</srcinfo>
			<srcinfo>
				<srccite>
					<citeinfo>
						<title>Connecticut Railroads</title>
						<origin>State of Connecticut, Department of Environmental Protection (data editor and publisher)</origin>
						<onlink>http://www.ct.gov/deep</onlink>
						<pubinfo>
							<pubplace>Hartford, Connecticut, USA</pubplace>
							<publish>State of Connecticut, Department of Environmental Protection</publish>
						</pubinfo>
						<origin>U.S. Geological Survey, National Mapping Program (data compiler)</origin>
						<geoform>vector digital data</geoform>
						<pubdate>19940101</pubdate>
						<edition>2005</edition>
					</citeinfo>
				</srccite>
				<srcscale>24000</srcscale>
				<typesrc>disc</typesrc>
				<srccitea>Source 4 - Railroad</srccitea>
				<srccontr>Railroad features for Connecticut combined in a single, statewide layer. Railroad is in ArcInfo Coverage format.</srccontr>
				<srctime>
					<timeinfo>
						<rngdates>
							<begdate>1969</begdate>
							<enddate>1984</enddate>
						</rngdates>
					</timeinfo>
					<srccurr>Publication dates of the USGS 7.5 minute topographic quadrangle maps for the State of Connecticut through 1984.</srccurr>
				</srctime>
			</srcinfo>
			<procstep>
				<proccont>
					<cntinfo>
						<cntorgp>
							<cntorg>State of Connecticut, Department of Environmental Protection</cntorg>
							<cntper>Howie Sternberg</cntper>
						</cntorgp>
						<cntaddr>
							<addrtype>mailing and physical address</addrtype>
							<address>79 Elm Street</address>
							<city>Hartford</city>
							<state>Connecticut</state>
							<postal>06106</postal>
							<country>USA</country>
						</cntaddr>
						<cntvoice>860-424-3540</cntvoice>
					</cntinfo>
				</proccont>
				<procdesc>Create 2005 Edition of Railroad - The automated process (software program), MAKECOVER.AML, developed for the previous process step was executed in 2005 in order to create a 2005 edition (copy) of Railroad that captures recent corrections and enhancements made to the layer. The MAKECOVER.AML program was last run in 2005, and the name of the resulting ArcInfo coverage created by this automated process is RAIL. Note, this particular run of the MAKECOVER.AML created a copy of the Railroad ArcInfo coverage that is clipped to the State of Connecticut boundary and is named RAIL instead of RAILMASTER. Prior to 2005, the Railroads layer in ArcInfo Coverage format that was clipped to the state of Connecticut boundary was named RAILROADCT.</procdesc>
				<procsv>ArcInfo 8.3</procsv>
				<procdate>2005</procdate>
				<srcused>Source 4 - Railroad</srcused>
				<srcprod>Source 4 - Railroad</srcprod>
			</procstep>
			<procstep>
				<procdesc>Export to Shapefile format - Converted line feature data from an ArcInfo coverage named RAIL to a Shapefile named Railroad.shp. Excluded the FNODE#, TNODE#, LPOLY#, RPOLY#, LENGTH, RAIL#, RAIL-ID attributes from the Shapefile because their values are only maintained by ArcInfo software with spatial data that is ArcInfo coverage format.</procdesc>
				<proccont>
					<cntinfo>
						<cntorgp>
							<cntorg>State of Connecticut, Department of Environmental Protection</cntorg>
							<cntper>Howie Sternberg</cntper>
						</cntorgp>
						<cntaddr>
							<addrtype>mailing and physical address</addrtype>
							<address>79 Elm Street</address>
							<city>Hartford</city>
							<state>Connecticut</state>
							<postal>06106</postal>
							<country>USA</country>
						</cntaddr>
						<cntvoice>860-424-3540</cntvoice>
					</cntinfo>
				</proccont>
				<procsv>ArcGIS 8.3</procsv>
				<srcused>Source 4 - Railroad</srcused>
				<procdate>2005</procdate>
				<srcprod>Source 5 - Railroad.shp</srcprod>
			</procstep>
			<srcinfo>
				<srcscale>24000</srcscale>
				<typesrc>disc</typesrc>
				<srccitea>Source 5 - Railroad.shp</srccitea>
				<srccontr>Railroad features for Connecticut combined in a single, statewide layer. Railroad.shp is in Shapefile format.</srccontr>
				<srccite>
					<citeinfo>
						<title>Connecticut Railroads</title>
						<origin>State of Connecticut, Department of Environmental Protection (data editor and publisher)</origin>
						<onlink>http://www.ct.gov/deep</onlink>
						<pubinfo>
							<pubplace>Hartford, Connecticut, USA</pubplace>
							<publish>State of Connecticut, Department of Environmental Protection</publish>
						</pubinfo>
						<origin>U.S. Geological Survey, National Mapping Program (data compiler)</origin>
						<geoform>vector digital data</geoform>
						<pubdate>19940101</pubdate>
						<edition>2005</edition>
					</citeinfo>
				</srccite>
				<srctime>
					<timeinfo>
						<rngdates>
							<begdate>1969</begdate>
							<enddate>1984</enddate>
						</rngdates>
					</timeinfo>
					<srccurr>Publication dates of the USGS 7.5 minute topographic quadrangle maps for the State of Connecticut through 1984.</srccurr>
				</srctime>
			</srcinfo>
			<srcinfo>
				<srcscale>24000</srcscale>
				<typesrc>disc</typesrc>
				<srccitea>Source 6 - Railroad</srccitea>
				<srccite>
					<citeinfo>
						<title>Connecticut Railroads</title>
						<origin>State of Connecticut, Department of Environmental Protection (data editor and publisher)</origin>
						<onlink>http://www.ct.gov/deep</onlink>
						<pubinfo>
							<pubplace>Hartford, Connecticut, USA</pubplace>
							<publish>State of Connecticut, Department of Environmental Protection</publish>
						</pubinfo>
						<origin>U.S. Geological Survey, National Mapping Program (data compiler)</origin>
						<pubdate>19940101</pubdate>
						<edition>2005</edition>
						<geoform>vector digital data</geoform>
					</citeinfo>
				</srccite>
				<srctime>
					<timeinfo>
						<rngdates>
							<begdate>1969</begdate>
							<enddate>1984</enddate>
						</rngdates>
					</timeinfo>
					<srccurr>Publication dates of the USGS 7.5 minute topographic quadrangle maps for the State of Connecticut through 1984.</srccurr>
				</srctime>
				<srccontr>Railroad features for Connecticut combined in a single, statewide layer. Railroad is in GeoDatabase Feature Class format.</srccontr>
			</srcinfo>
			<procstep>
				<procdesc>Convert to GeoDatabase Feature Class format - Defined new Feature Class named Railroad; and imported the attribute definitions, loaded features and imported metadata from Railroad.shp shapefile. 

Spatial Reference Properties for Feature Class:

Coordinate System: NAD_1983_StatePlane_Connecticut_FIPS_0600_Feet
XY Domain MinX: 100000; MaxX: 2247483.645
XY Domain MinY: 200000; MaxY: 2347483.645
Precision: 1000</procdesc>
				<srcused>Source 5 - Railroad.shp</srcused>
				<srcprod>Source 6 - Railroad</srcprod>
				<proccont>
					<cntinfo>
						<cntorgp>
							<cntorg>State of Connecticut, Department of Environmental Protection</cntorg>
							<cntper>Howie Sternberg</cntper>
						</cntorgp>
						<cntaddr>
							<addrtype>mailing and physical address</addrtype>
							<address>79 Elm Street</address>
							<city>Hartford</city>
							<state>Connecticut</state>
							<postal>06106</postal>
							<country>USA</country>
						</cntaddr>
						<cntvoice>860-424-3540</cntvoice>
					</cntinfo>
				</proccont>
				<procsv>ArcGIS 9.1</procsv>
				<procdate>2006</procdate>
			</procstep></lineage>
		<complete>The completeness of the data reflects the USGS National Mapping Division standards for feature content of the data sources, which are the Large Scale (7.5 minute) Digital Line Graph (DLG) files available from the USGS. For Connecticut, the Large Scale DLG files used to create this layer are for the 1:24,000-scale topographic quadrangle maps published between 1969 and 1984.  The Railroads layer is complete in the sense that it accurately reflects the contents of the most recently published USGS topographic quadrangle maps available at the time the State of Connecticut, Department of Environmental Protection began creating the layer. Some newer quadrangle maps have been published by the USGS since 1984, however, the State of Connecticut did not incorporate this information into the Railroads layer. So compared to the most recent set of topographic quadrangle maps available today, the Railroads layer is incomplete, and substantially incomplete when compared to the railroad system in existence today. This data is not updated.</complete>
		<logic>Line features conform to the following topological rules. Lines are single part. There are no duplicate lines. Lines do not self overlap. Lines do not overlap other lines. Lines intersect only at nodes, and nodes anchor the ends of all lines. Lines do not overshoot or undershoot other lines they are supposed to meet and intersect. The tests of logical consistency were performed by the USGS PROSYS program, and subsequently by the State of Connecticut using ESRI ArcInfo software to maintain feature topology in ArcInfo coverage format. The data is topologically clean. The ArcInfo Clean function was repeatedly used following edits to verify topology and enforce a minimum distance between vertices of 4 feet (fuzzy tolerance) and a minimum allowed overshoot length of 10 feet (dangle length).</logic>
		<attracc>
			<attraccr>The layer retains the feature types identified by the USGS. All attributes have valid values. Values are within defined domains. The accuracy test for the RRARC_COD attribute values was conducted by comparing the railroads published on the source topographic quadrangle maps with 1:24,000-scale check plots or interactive displays of the railroads data on a computer graphic system. These checkplots and computer displays depicted the railroad features in different colors based on their respective RRARC_COD values for comparison with the paper quadrangle maps. The RAIL_CLASS, AV_LEGEND, and IMS_LEGEND attribute values are based on RRARC_COD values. RAIL_CLASS decodes the RRARC_COD field. AV_LEGEND and IMS_LEGEND are broad classifications of RRARC_COD values. The RAIL_CLASS, AV_LEGEND, and IMS_LEGEND fields were populated though table joins to lookup tables. These values were not manually entered.</attraccr>
		</attracc>
	</dataqual>
</metadata>
