<PAMDataset>
  <Metadata>
    <MDI key="DataType">Generic</MDI>
  </Metadata>
  <Metadata domain="Esri">
    <MDI key="PyramidResamplingType">NEAREST</MDI>
  </Metadata>
  <PAMRasterBand band="1">
    <Histograms>
      <HistItem>
        <HistMin>7202</HistMin>
        <HistMax>46002</HistMax>
        <BucketCount>256</BucketCount>
        <IncludeOutOfRange>1</IncludeOutOfRange>
        <Approximate>0</Approximate>
        <HistCounts>2|6156|271262|1702953|517305|192257|109917|72064|48034|33482|23060|16144|11669|8983|7102|5641|4708|3748|2983|2402|2011|1735|1452|1232|1086|952|811|737|711|628|543|464|410|407|321|272|255|215|236|221|193|178|187|169|160|153|151|140|151|122|117|131|126|126|106|108|98|104|99|99|90|74|81|74|86|79|63|67|76|55|74|71|55|66|52|51|44|52|52|43|43|48|41|39|24|40|45|39|26|30|33|28|22|23|23|23|17|19|23|19|28|27|16|20|20|21|29|17|12|5|5|0|7|2|3|3|4|2|2|1|2|2|0|0|1|0|0|0|0|0|0|0|0|0|0|1|0|0|0|0|0|0|0|0|0|0|0|0|0|0|0|0|0|0|0|0|0|0|0|0|0|0|0|0|0|0|0|0|0|0|0|0|0|0|0|0|0|0|0|0|0|0|0|0|0|0|0|0|0|0|0|0|0|0|0|0|0|0|0|0|0|0|0|0|0|0|0|0|0|0|0|0|0|0|0|0|0|0|0|0|0|0|0|0|0|0|0|0|0|0|0|0|0|0|0|0|0|0|0|0|0|0|0|0|0|0|0|0|0|0|0|0|0|0|0|1</HistCounts>
      </HistItem>
    </Histograms>
    <Metadata>
      <MDI key="RepresentationType">ATHEMATIC</MDI>
      <MDI key="STATISTICS_COVARIANCES">284061.5776522824</MDI>
      <MDI key="STATISTICS_MAXIMUM">46002</MDI>
      <MDI key="STATISTICS_MEAN">7886.3399479641</MDI>
      <MDI key="STATISTICS_MINIMUM">7202</MDI>
      <MDI key="STATISTICS_SKIPFACTORX">1</MDI>
      <MDI key="STATISTICS_SKIPFACTORY">1</MDI>
      <MDI key="STATISTICS_STDDEV">532.97427485037</MDI>
    </Metadata>
  </PAMRasterBand>
</PAMDataset>
