<PAMDataset>
  <Metadata>
    <MDI key="DataType">Generic</MDI>
  </Metadata>
  <Metadata domain="Esri">
    <MDI key="PyramidResamplingType">NEAREST</MDI>
  </Metadata>
  <PAMRasterBand band="1">
    <Histograms>
      <HistItem>
        <HistMin>7572</HistMin>
        <HistMax>63378</HistMax>
        <BucketCount>256</BucketCount>
        <IncludeOutOfRange>1</IncludeOutOfRange>
        <Approximate>0</Approximate>
        <HistCounts>1|1|6|137637|2132651|463014|142878|71436|37399|20903|13461|9245|6462|4500|3156|2392|1908|1482|1285|1051|894|588|574|456|397|359|358|308|305|287|228|198|229|194|212|203|195|175|140|155|143|136|116|122|102|124|108|102|89|86|85|89|65|57|80|50|61|49|48|30|39|43|36|34|34|46|49|14|11|11|9|7|5|6|4|7|3|3|2|0|1|0|0|0|0|0|0|0|0|0|0|0|0|0|0|0|0|0|0|0|0|0|0|0|0|0|0|0|0|0|0|0|0|0|0|0|0|0|0|0|0|0|0|0|0|0|0|0|0|0|0|0|0|0|0|0|0|0|0|0|0|0|0|0|0|0|0|0|0|0|0|0|0|0|0|0|0|0|0|0|0|0|0|0|0|0|0|0|0|0|0|0|0|0|0|0|0|0|0|0|0|0|0|0|0|0|0|0|0|0|0|0|0|0|0|0|0|0|0|0|0|0|0|0|0|0|0|0|0|0|0|0|0|0|0|0|0|0|0|0|0|0|0|0|0|0|0|0|0|0|0|0|0|0|0|0|0|0|0|0|0|0|0|0|0|0|0|0|0|0|0|0|0|0|0|1</HistCounts>
      </HistItem>
    </Histograms>
    <Metadata>
      <MDI key="RepresentationType">ATHEMATIC</MDI>
      <MDI key="STATISTICS_COVARIANCES">213402.2600099992</MDI>
      <MDI key="STATISTICS_MAXIMUM">63378</MDI>
      <MDI key="STATISTICS_MEAN">8670.3282974277</MDI>
      <MDI key="STATISTICS_MINIMUM">7572</MDI>
      <MDI key="STATISTICS_SKIPFACTORX">1</MDI>
      <MDI key="STATISTICS_SKIPFACTORY">1</MDI>
      <MDI key="STATISTICS_STDDEV">461.95482464198</MDI>
    </Metadata>
  </PAMRasterBand>
</PAMDataset>
