<?xml version="1.0" encoding="UTF-8"?>
<metadata xml:lang="en"><Esri><CreaDate>20200501</CreaDate><CreaTime>10383700</CreaTime><ArcGISFormat>1.0</ArcGISFormat><SyncOnce>TRUE</SyncOnce><DataProperties><itemProps><itemLocation><linkage Sync="TRUE">file://\\DESKTOP-T7DRU27\C$\Users\Jeff and Tina\Desktop\Michael's_Documents\NRS_522_Data\FinalProjectData\Lakes</linkage><protocol Sync="TRUE">Local Area Network</protocol></itemLocation></itemProps><copyHistory><copy source="C:\Users\Public\PythonClass\Class_8\CodingChallenge8Data2\Lakes" dest="\\DESKTOP-T7DRU27\C$\Users\Jeff and Tina\Desktop\Michael's_Documents\NRS_522_Data\FinalProjectData\Lakes" date="20200501" time="10383700"></copy></copyHistory></DataProperties></Esri></metadata>
