<?xml version="1.0" encoding="UTF-8"?>
<metadata xml:lang="en"><Esri><CreaDate>20200501</CreaDate><CreaTime>10385100</CreaTime><ArcGISFormat>1.0</ArcGISFormat><SyncOnce>TRUE</SyncOnce><DataProperties><itemProps><itemLocation><linkage Sync="TRUE">file://\\DESKTOP-T7DRU27\C$\Users\Jeff and Tina\Desktop\Michael's_Documents\NRS_522_Data\FinalProjectData\Rivers</linkage><protocol Sync="TRUE">Local Area Network</protocol></itemLocation></itemProps><copyHistory><copy source="C:\Users\Public\PythonClass\Class_8\CodingChallenge8Data2\Rivers" dest="\\DESKTOP-T7DRU27\C$\Users\Jeff and Tina\Desktop\Michael's_Documents\NRS_522_Data\FinalProjectData\Rivers" date="20200501" time="10385100"></copy></copyHistory></DataProperties></Esri></metadata>
