﻿<?xml version="1.0" encoding="UTF-8"?><metadata><idinfo><citation><citeinfo><origin>RIGIS</origin><pubdate>199309</pubdate><title>Coastline of Rhode Island</title><geoform >vector digital data</geoform><pubinfo ><pubplace>Providence, Rhode Island</pubplace><publish>RIGIS</publish></pubinfo><othercit>Suggested bibliographic reference: RIGIS, 1993. Coastline of Rhode Island. Rhode Island Geographic Information System (RIGIS) Data Distribution System, URL: http://www.rigis.org, Environmental Data Center, University of Rhode Island, Kingston, Rhode Island (last date accessed: 2 October 2014).</othercit><onlink>http://www.rigis.org</onlink><lworkcit><citeinfo><origin>RIGIS</origin><pubdate>1989</pubdate><title>RIGIS Database</title><geoform>vector digital data</geoform><onlink>http://www.rigis.org</onlink></citeinfo></lworkcit></citeinfo></citation><descript><abstract>This dataset shows the Coastline of RI and nearby CT and MA including Narragansett Bay its tributaries along with near shore and offshore islands.</abstract><purpose>Coastal resource inventory and land use planning.</purpose></descript><timeperd><timeinfo><sngdate><caldate>1976-1983</caldate></sngdate></timeinfo><current>publication date</current></timeperd><status><progress>Complete</progress><update>None planned</update></status><spdom><bounding ><westbc >-71.987495</westbc><eastbc >-71.043560</eastbc><northbc >41.900908</northbc><southbc >41.121109</southbc></bounding></spdom><keywords ><theme><themekt >ISO 19115 Topic Category</themekt></theme><theme><themekt>None</themekt><themekey>oceans</themekey><themekey >014</themekey><themekey >Boundries</themekey><themekey>003</themekey><themekey>coast</themekey><themekey>shoreline</themekey><themekey>islands</themekey><themekey>Narragansett Bay</themekey></theme><place><placekt>GNIS</placekt><placekey>United States</placekey><placekey>Rhode Island</placekey><placekey>northeast</placekey><placekey>New England</placekey><placekey>MA</placekey><placekey>CT</placekey></place></keywords><accconst>None.</accconst><useconst>This dataset is provided 'as is.’  The producer(s) of this dataset, contributors to this dataset, the Rhode Island Geographic Information System (RIGIS) consortium, the State of Rhode Island, and the University of Rhode Island do not make any warranties of any kind for this dataset, and are not liable for any loss or damage however and whenever caused by any use of this dataset.
Please acknowledge both RIGIS and the primary producer(s) of this dataset in any derived products.  Versions of the RIGIS logo suitable for both printed and web-based products are available at http://www.rigis.org/logos.</useconst><ptcontac><cntinfo><cntorgp><cntorg>University of Rhode Island Environmental Data Center</cntorg><cntper>Erica Tefft</cntper></cntorgp><cntpos>Research Associate</cntpos><cntaddr><addrtype>mailing and physical address</addrtype><address>Coastal Institute</address><address>1 Greenhouse Road</address><city>Kingston</city><state>RI</state><postal>02881</postal></cntaddr><cntvoice>401-874-5054</cntvoice><cntemail>erica@edc.uri.edu</cntemail></cntinfo></ptcontac><browse><browsen>http://www.rigis.org/images/metadata/oceans/coastline.gif</browsen><browset>GIF</browset></browse><datacred>RIGIS</datacred></idinfo><dataqual><attracc><attraccr>RIGIS standards 99 percent; manual inspection</attraccr></attracc><logic>coastline and islands were hand digitized from source with digitizing tablet and three resulting coverages were appended together</logic><complete>topologically complete arc-info polygon coverage; RIGIS standards rms-005 fuzzy-002</complete><posacc><horizpa><horizpar>plus or minus 50 feet; visual comparison of overlay with source</horizpar></horizpa></posacc><lineage><srcinfo><srccite><citeinfo><origin>USGS</origin><pubdate>1976-1983</pubdate><title>7-5 minute Mylar quad maps</title></citeinfo></srccite><srcscale>24000</srcscale><typesrc>Map</typesrc><srctime><timeinfo ><rngdates><begdate >1976</begdate><enddate>1983</enddate></rngdates></timeinfo><srccurr>publication date</srccurr></srctime><srccitea Name="tic">USGS</srccitea><srccontr>7-5 minute Mylar quad maps were used.</srccontr></srcinfo><procstep Name="tic"><procdesc>Coastline and islands were hand digitized from source with digitizing tablet and three resulting coverages were appended together.</procdesc><srcused Name="arc">RIGIS</srcused><procdate >1987 1990 1993</procdate></procstep><procstep><procdesc>Added Point of Contact information for this dataset.</procdesc><procdate>20150528</procdate><proccont><cntinfo><cntorgp><cntorg>University of Rhode Island Environmental Data Center</cntorg><cntper>Erica Tefft</cntper></cntorgp><cntpos>Research Associate</cntpos><cntaddr><addrtype>mailing and physical address</addrtype><address>Coastal Institute</address><address>1 Greenhouse Road</address><city>Kingston</city><state>RI</state><postal>02881</postal></cntaddr><cntvoice>401-874-5054</cntvoice><cntemail>erica@edc.uri.edu</cntemail></cntinfo></proccont></procstep></lineage></dataqual><spdoinfo ><direct Name="Road_Names" >Vector</direct><ptvctinf><sdtsterm Name="Coastline_of_RI"><sdtstype Name="annotation" >G-polygon</sdtstype><ptvctcnt Name="tic" >61</ptvctcnt></sdtsterm><sdtsterm Name="tic"><sdtstype Name="node">Label point</sdtstype><ptvctcnt Name="annotation.anno.state">18</ptvctcnt></sdtsterm><sdtsterm Name="annotation.anno.state"><sdtstype >GT-polygon composed of chains</sdtstype><ptvctcnt Name="annotation.state">61</ptvctcnt></sdtsterm><sdtsterm Name="annotation.state"><sdtstype >Point</sdtstype><ptvctcnt Name="annotation">0</ptvctcnt></sdtsterm></ptvctinf></spdoinfo><spref Name="annotation"><horizsys Name="annotation.state"><planar Name="annotation"><gridsys><gridsysn>State Plane Coordinate System</gridsysn><spcs><spcszone >3800</spcszone><transmer><sfctrmer >0.999994</sfctrmer><longcm >-71.500000</longcm><latprjo >41.083333</latprjo><feast >328083.333333</feast><fnorth >0.000000</fnorth></transmer></spcs></gridsys><planci Name="annotation.state"><plance Name="annotation.state" >coordinate pair</plance><coordrep Name="annotation"><absres Name="annotation" >0.000512</absres><ordres >0.000512</ordres></coordrep><plandu >survey feet</plandu></planci></planar><geodetic ><horizdn >North American Datum of 1983</horizdn><ellips >Geodetic Reference System 80</ellips><semiaxis >6378137.000000</semiaxis><denflat >298.257222</denflat></geodetic></horizsys><vertdef><altsys ><altres >0.000010</altres><altenc >Explicit elevation coordinate included with horizontal coordinates</altenc></altsys></vertdef></spref><eainfo ><detailed Name="Coastline_of_RI"><enttyp ><enttypl >Coastline_of_RI</enttypl></enttyp><attr ><attrlabl>Shape</attrlabl><attrdef Name="Road_Names">Feature geometry.</attrdef><attrdefs Name="point">ESRI</attrdefs><attrdomv Name="point"><udom Name="s44ard96.aat">Coordinates defining the features.</udom></attrdomv></attr><attr Name="Road_Names"><attrlabl >INSIDE</attrlabl></attr><attr><attrlabl >OBJECTID</attrlabl><attrdef >Internal feature number.</attrdef><attrdefs >ESRI</attrdefs><attrdomv ><udom >Sequential unique whole numbers that are automatically generated.</udom></attrdomv></attr><attr ><attrlabl >PERIMETER</attrlabl><attrdef >Perimeter of feature in internal units.</attrdef><attrdefs >ESRI</attrdefs><attrdomv ><udom >Positive real numbers that are automatically generated.</udom></attrdomv></attr><attr ><attrlabl>AREA</attrlabl><attrdef >Area of feature in internal units squared.</attrdef><attrdefs >ESRI</attrdefs><attrdomv ><udom Name="point">Positive real numbers that are automatically generated.</udom></attrdomv></attr><attr><attrlabl >S44BCS93_</attrlabl></attr><attr ><attrlabl >S44BCS93_ID</attrlabl></attr><attr ><attrlabl >Shape_Length</attrlabl><attrdef >Length of feature in internal units.</attrdef><attrdefs >ESRI</attrdefs><attrdomv ><udom >Positive real numbers that are automatically generated.</udom></attrdomv></attr><attr ><attrlabl >Shape_Area</attrlabl><attrdef >Area of feature in internal units squared.</attrdef><attrdefs >ESRI</attrdefs><attrdomv ><udom >Positive real numbers that are automatically generated.</udom></attrdomv></attr></detailed></eainfo><distinfo><distrib><cntinfo><cntorgp><cntorg>University of Rhode Island Environmental Data Center</cntorg><cntper>Erica Tefft</cntper></cntorgp><cntaddr><addrtype>mailing and physical</addrtype><address>1 Greenhouse Road</address><city>Kingston</city><state>RI</state><postal>02881</postal></cntaddr><cntvoice>401-874-5054</cntvoice><cntemail>erica@edc.uri.edu</cntemail><cntinst>email preferred</cntinst></cntinfo></distrib><distliab>This dataset is provided 'as is.'  The producer(s) of this dataset, contributors to this dataset, the Rhode Island Geographic Information System (RIGIS) consortium, the State of Rhode Island, and the University of Rhode Island do not make any warranties of any kind for this dataset, and are not liable for any loss or damage however and whenever caused by any use of this dataset.</distliab><stdorder><digform><digtinfo><formname>Esri shapefile</formname><filedec>ZIP</filedec></digtinfo><digtopt><onlinopt><computer><networka><networkr>http://www.rigis.org</networkr></networka></computer></onlinopt></digtopt></digform><fees>No fee for downloading directly from the RIGIS Data Distribution System located at http://www.rigis.org.</fees></stdorder></distinfo><metainfo Name="s44ard96.tatstate"><metd >20060724</metd><metc ><cntinfo><cntorgp ><cntorg >RI Department of Administration; Division of Information Technology</cntorg><cntper >GIS Coordinator</cntper></cntorgp><cntpos >RIGIS Coordinator</cntpos><cntaddr ><addrtype >mailing address</addrtype><address >1 Capitol Hill</address><city>Providence</city><state>Rhode Island</state><postal >02908</postal><country>USA</country></cntaddr><cntvoice >401-222-6483</cntvoice><cntfax >401-222-6482</cntfax><cntemail>rigis@admin.ri.gov</cntemail><hours>8:00 - 3:30</hours><cntinst >E-mail preferred</cntinst></cntinfo></metc><metstdn Name="s44ard96.tatstate" >FGDC Content Standards for Digital Geospatial Metadata</metstdn><metstdv >FGDC-STD-001-1998</metstdv><mettc >local time</mettc></metainfo></metadata>